[
  { "word": "what" },
  { "word": "is" },
  { "word": "the" },
  { "word": "color" },
  { "word": "of" },
  { "word": "sky" },
  { "word": "red" },
  { "word": "green" },
  { "word": "blue" },
  { "word": "yellow" },
  { "word": "how" },
  { "word": "many" },
  { "word": "zeroes" },
  { "word": "are" },
  { "word": "there" },
  { "word": "in" },
  { "word": "a" },
  { "word": "million" },
  { "word": "6" },
  { "word": "10" },
  { "word": "3" },
  { "word": "7" },
  { "word": "what" },
  { "word": "full" },
  { "word": "form" },
  { "word": "cpu" },
  { "word": "computer" },
  { "word": "processing" },
  { "word": "unit" },
  { "word": "central" },
  { "word": "principle" },
  { "word": "control" },
  { "word": "list" },
  { "word": "coded" },
  { "word": "instructions" },
  { "word": "called" },
  { "word": "utility" },
  { "word": "program" },
  { "word": "flowchart" },
  { "word": "algorithm" }
  
]
